week,sentiment_mean,sentiment_std,subjectivity_mean,subjectivity_std,counting
2025-41,0.24015638150796742,0.842893387014506,0.39638753378663055,0.5975362654127236,22.0
2025-42,,1.0,,1.0,39.0
2025-43,0.088643735850164,0.7156788162859863,0.1703859653035326,0.8254680876100299,40.0
2025-44,,1.0,,1.0,38.0
2025-45,-0.0025998305490807488,0.6737116866843793,0.029310267568316686,0.7375649723268177,88.0
2025-46,1.1484580560189595,1.0,0.903235048925534,1.0,1.0
