week,sentiment_mean,sentiment_std,subjectivity_mean,subjectivity_std,counting
2025-41,0.28212385505293386,0.9459793773527816,0.3643052065169406,0.6159738305591211,25.0
2025-42,0.08933588026785927,0.7477971841974295,0.10813691420474206,0.8220491686045032,45.0
2025-43,-0.02919832481543097,0.7623118054246202,0.11080248369047464,0.834889211763406,57.0
2025-44,-0.007015802254187668,0.6629228844452255,0.16118552248786422,0.7133412516504529,45.0
2025-45,0.0021228760016770414,0.7105467680690631,0.0469154499325653,0.7595641986405781,114.0
2025-46,0.09839001425639299,1.117983828165854,0.26836808340011575,1.0734747683619505,8.0
