week,sentiment_mean,sentiment_std,subjectivity_mean,subjectivity_std,counting
2025-41,0.3006383478648189,0.8153025422312529,0.3754294287246084,0.5647738126519308,21.0
2025-42,,1.0,,1.0,31.0
2025-43,0.09625202497266731,0.7032063862974565,0.13506730793157545,0.851236357535132,35.0
2025-44,,1.0,,1.0,35.0
2025-45,0.004237819369192371,0.6178731044073592,0.07974812245680205,0.707382654525605,64.0
