week,sentiment_mean,sentiment_std,subjectivity_mean,subjectivity_std,counting
2025-41,0.3013429926469587,0.6405414087515108,0.34609856328875227,0.5292060622680773,12.0
2025-42,-0.063909772579615,0.5584427229718252,0.2254208350830039,0.7519004280243584,12.0
2025-43,0.18608976642015876,0.6080055074945002,0.5018474855515648,0.41244431212485094,13.0
2025-44,,1.0,,1.0,7.0
2025-45,-0.017615725205079348,0.6211193907193984,0.06109305923063168,0.6341272110173839,25.0
